{"cameraMode":{"drawMode":0,"name":"Shaded","section":"Shading Mode"},"sceneLighting":true,"audioPlay":false,"sceneViewState":{"m_AlwaysRefresh":false,"showFog":true,"showSkybox":true,"showFlares":true,"showImageEffects":true,"showParticleSystems":true,"showVisualEffectGraphs":true,"m_FxEnabled":true},"in2DMode":false,"pivot":{"x":11.020744323730469,"y":2.7756824493408205,"z":6.766056537628174},"rotation":{"x":-0.01657796837389469,"y":0.4221482574939728,"z":0.0077217197977006439,"w":0.9063364267349243},"size":1.2431790828704835,"orthographic":false}